sg,al,su,sc,pot,hemo,rc,rbc_le,pc_le,pcc_le,ba_le,htn_le,dm_le,cad_le,appet_le,pe_le,ane_le,class
1.005,4,0,3.8,2.5,11.2,3.9,1,0,1,0,1,0,0,1,1,1,0
1.02,2,0,7.2,3.7,9.5,3.7,0,0,1,0,1,1,0,1,0,1,0
1.01,3,0,2.7,4.2,10.8,3.8,0,0,1,0,1,1,0,1,1,0,0
1.01,3,2,4.1,6.4,5.6,2.6,1,0,1,1,1,1,1,1,1,0,0
1.015,2,0,3.9,5.2,7.7,3.2,0,0,0,0,1,1,1,1,1,1,0
1.025,4,0,7.7,3.8,9.8,3.4,1,0,0,0,1,0,0,0,0,1,0
1.01,3,4,2.7,4,12.5,4.1,1,0,0,0,1,1,1,0,1,0,0
1.005,0,0,0.9,4,10,3.5,1,1,0,0,1,1,0,0,1,0,0
1.02,2,0,4.6,5.8,10.5,4.3,0,0,0,0,1,1,1,0,0,0,0
1.01,1,0,3.3,4,9.8,3.2,1,1,0,0,1,1,0,0,0,0,0
1.015,2,0,6.7,4.8,9.1,3.4,0,0,0,0,1,0,0,0,0,0,0
1.005,4,0,8.5,5.5,10.3,4,0,0,0,1,0,1,0,0,1,0,0
1.01,3,0,15,7.6,7.1,2.1,1,0,0,0,1,0,0,1,1,1,0
1.01,2,2,3.2,3.5,13,4.2,1,1,0,1,1,0,1,0,0,0,0
1.015,4,1,1.7,3.8,16.1,5.6,0,1,0,0,0,0,0,0,0,0,0
1.01,3,0,3.6,4.4,10.4,3.6,1,0,1,1,1,1,1,0,0,0,0
1.01,3,2,5.6,2.9,9.2,3.2,0,0,1,0,1,1,1,1,0,0,0
1.015,4,0,5.3,4.9,11.4,4.3,1,1,0,0,1,1,0,1,1,0,0
1.015,4,3,5.6,47,8.1,2.9,1,0,0,0,1,1,0,0,0,1,0
1.01,2,0,9.2,4.8,8.2,2.7,1,0,1,1,0,0,0,1,1,1,0
1.015,4,0,5.3,4.9,12,8,1,1,0,0,1,0,0,0,0,0,0
1.01,2,0,2.3,5.2,11.1,4.1,0,1,0,0,0,0,0,0,0,0,0
1.01,3,1,1.7,3,7.9,3,1,0,1,0,1,0,0,1,0,1,0
1.01,2,1,14.2,3.4,8.3,2.9,0,0,0,0,1,1,0,1,1,1,0
1.025,3,0,1.7,4.7,12.6,3.9,1,0,0,0,1,1,0,0,0,0,0
1.01,1,0,1.3,3.5,10.4,4.3,0,1,0,0,0,1,0,1,0,0,0
1.02,3,0,2.6,5.7,8.7,3.1,1,1,0,0,1,0,0,1,0,1,0
1.01,4,0,1.7,3.5,8.3,3.9,1,0,1,1,0,0,0,0,0,1,0
1.025,2,0,2.2,3.8,10,3.7,1,0,1,0,0,0,0,0,0,0,0
1.01,4,1,4.3,5.4,9.5,3.4,0,0,0,1,1,1,0,1,1,0,0
1.01,4,0,1,4.9,9.9,4.8,0,0,0,1,0,0,0,1,0,0,0
1.01,3,0,11.8,3.2,8.1,3.5,0,0,0,0,1,1,0,1,1,1,0
1.02,4,2,3.2,4.7,11.2,3.9,1,1,0,0,1,1,0,1,1,0,0
1.015,4,2,12.8,5.7,7.3,3.9,1,1,0,0,1,1,1,0,0,1,0
1.015,3,4,11.9,5.6,10.9,3.4,1,1,0,0,1,1,0,1,1,0,0
1.01,3,1,3.9,4.9,10.9,3.7,1,0,1,1,1,1,0,0,1,0,0
1.01,3,5,2.7,3.8,11.5,4.5,0,1,0,1,1,1,0,0,0,0,0
1.015,4,2,7.2,4.6,7.9,3.4,0,0,0,1,1,1,0,0,1,0,0
1.01,3,0,12,2.9,9.6,3.8,1,0,0,0,0,1,0,0,1,0,0
1.01,4,3,6.3,3.9,9.4,3.3,1,0,1,1,1,1,1,0,1,1,0
1.015,3,0,15.2,5.7,8.6,2.5,0,1,1,0,1,0,1,0,0,1,0
1.01,1,3,1.7,4.5,12.6,4.1,0,0,0,0,1,1,1,0,0,0,0
1.01,4,1,13.3,6.5,3.1,2.1,1,0,1,0,1,1,0,1,1,1,0
1.025,0,0,1.2,5,15,4.5,1,1,0,0,0,0,0,0,0,0,1
1.025,0,0,1,4.6,17,5,1,1,0,0,0,0,0,0,0,0,1
1.025,0,0,0.6,4.4,15.9,4.7,1,1,0,0,0,0,0,0,0,0,1
1.025,0,0,1.2,4.7,15.4,6.2,1,1,0,0,0,0,0,0,0,0,1
1.025,0,0,0.8,3.7,13,5.2,1,1,0,0,0,0,0,0,0,0,1
1.025,0,0,1.2,3.9,13.6,6.3,1,1,0,0,0,0,0,0,0,0,1
1.025,0,0,0.5,5,14.5,5.1,1,1,0,0,0,0,0,0,0,0,1
1.02,0,0,0.7,3.7,14,5.8,1,1,0,0,0,0,0,0,0,0,1
1.02,0,0,0.5,3.5,13.9,5.5,1,1,0,0,0,0,0,0,0,0,1
1.02,0,0,1.2,5,16.1,5.2,1,1,0,0,0,0,0,0,0,0,1
1.02,0,0,1,3.8,14.1,5.3,1,1,0,0,0,0,0,0,0,0,1
1.02,0,0,1.2,3.9,17,4.9,1,1,0,0,0,0,0,0,0,0,1
1.02,0,0,0.9,3.6,15.5,5.4,1,1,0,0,0,0,0,0,0,0,1
1.02,0,0,1.2,5,16.2,5.2,1,1,0,0,0,0,0,0,0,0,1
1.02,0,0,0.7,4.1,14.4,4.5,1,1,0,0,0,0,0,0,0,0,1
1.02,0,0,0.6,4.5,14.2,5,1,1,0,0,0,0,0,0,0,0,1
1.02,0,0,1.2,4.8,13.2,5.3,1,1,0,0,0,0,0,0,0,0,1
1.025,0,0,0.9,3.9,13.9,4.8,1,1,0,0,0,0,0,0,0,0,1
1.025,0,0,1.2,4.9,15,5.3,1,1,0,0,0,0,0,0,0,0,1
1.025,0,0,1.1,4,14.3,5,1,1,0,0,0,0,0,0,0,0,1
1.025,0,0,0.5,4.8,13.8,4.5,1,1,0,0,0,0,0,0,0,0,1
1.025,0,0,1.2,5,14.8,5.5,1,1,0,0,0,0,0,0,0,0,1
1.02,0,0,1.2,4.6,16.5,4.6,1,1,0,0,0,0,0,0,0,0,1
1.025,0,0,1,5,15.7,4.8,1,1,0,0,0,0,0,0,0,0,1
1.02,0,0,1.2,4.9,14.5,6.4,1,1,0,0,0,0,0,0,0,0,1
1.025,0,0,0.6,4.7,16.3,5.6,1,1,0,0,0,0,0,0,0,0,1
1.025,0,0,1.2,5,15.5,6,1,1,0,0,0,0,0,0,0,0,1
1.02,0,0,1,3.8,14.6,4.8,1,1,0,0,0,0,0,0,0,0,1
1.025,0,0,1.2,4,16.9,6,1,1,0,0,0,0,0,0,0,0,1
1.02,0,0,0.7,3.9,16,5.9,1,1,0,0,0,0,0,0,0,0,1
1.02,0,0,0.8,5,14.7,6,1,1,0,0,0,0,0,0,0,0,1
1.02,0,0,0.9,4.7,16.6,5.3,1,1,0,0,0,0,0,0,0,0,1
1.025,0,0,1,4.9,14.9,5.7,1,1,0,0,0,0,0,0,0,0,1
1.02,0,0,0.5,5,16.7,5,1,1,0,0,0,0,0,0,0,0,1
1.02,0,0,0.6,5,16.8,5.9,1,1,0,0,0,0,0,0,0,0,1
1.02,0,0,1.2,4.5,13.5,4.9,1,1,0,0,0,0,0,0,0,0,1
1.02,0,0,0.5,3.5,15.1,4.7,1,1,0,0,0,0,0,0,0,0,1
1.025,0,0,0.9,4.5,16.9,5,1,1,0,0,0,0,0,0,0,0,1
1.025,0,0,0.6,3.9,13.1,4.5,1,1,0,0,0,0,0,0,0,0,1
1.02,0,0,0.8,5,17.1,5.2,1,1,0,0,0,0,0,0,0,0,1
1.02,0,0,1.2,4.5,15.2,5.7,1,1,0,0,0,0,0,0,0,0,1
1.02,0,0,0.5,3.5,13.6,4.5,1,1,0,0,0,0,0,0,0,0,1
1.025,0,0,0.6,4.9,13.9,4.9,1,1,0,0,0,0,0,0,0,0,1
1.02,0,0,0.7,4.9,13.2,5.4,1,1,0,0,0,0,0,0,0,0,1
1.025,0,0,1.1,4.7,13.7,5.6,1,1,0,0,0,0,0,0,0,0,1
1.02,0,0,0.9,4.8,17.3,4.8,1,1,0,0,0,0,0,0,0,0,1
1.025,0,0,0.6,5,15.6,4.7,1,1,0,0,0,0,0,0,0,0,1
1.02,0,0,1.2,4.3,15,4.9,1,1,0,0,0,0,0,0,0,0,1
1.025,0,0,0.7,3.5,17.4,5.3,1,1,0,0,0,0,0,0,0,0,1
1.02,0,0,1.2,4.7,15.7,6.2,1,1,0,0,0,0,0,0,0,0,1
1.02,0,0,1,3.5,13.9,4.8,1,1,0,0,0,0,0,0,0,0,1
1.025,0,0,1.1,5,15.9,4.5,1,1,0,0,0,0,0,0,0,0,1
1.02,0,0,1.2,3.5,14,6.5,1,1,0,0,0,0,0,0,0,0,1
1.02,0,0,1.1,4.7,15.8,5.2,1,1,0,0,0,0,0,0,0,0,1
1.025,0,0,0.8,4.6,13.4,5.8,1,1,0,0,0,0,0,0,0,0,1
1.025,0,0,0.9,3.5,14.1,5.1,1,1,0,0,0,0,0,0,0,0,1
1.025,0,0,0.7,4.7,13.5,4.5,1,1,0,0,0,0,0,0,0,0,1
1.02,0,0,1.2,4,17.7,5.5,1,1,0,0,0,0,0,0,0,0,1
1.02,0,0,0.5,4.8,14.2,5.6,1,1,0,0,0,0,0,0,0,0,1
1.025,0,0,0.9,4.9,14,6.2,1,1,0,0,0,0,0,0,0,0,1
1.02,0,0,0.8,3.5,17.8,4.5,1,1,0,0,0,0,0,0,0,0,1
1.02,0,0,0.5,3.5,13.3,4.9,1,1,0,0,0,0,0,0,0,0,1
1.025,0,0,1.1,4.5,14.3,5.9,1,1,0,0,0,0,0,0,0,0,1
1.025,0,0,0.9,5,13.4,4.7,1,1,0,0,0,0,0,0,0,0,1
1.02,0,0,0.5,4.2,15,6.3,1,1,0,0,0,0,0,0,0,0,1
1.025,0,0,0.8,4.1,16.2,5.7,1,1,0,0,0,0,0,0,0,0,1
1.02,0,0,0.7,3.3,14.4,4.7,1,1,0,0,0,0,0,0,0,0,1
1.025,0,0,1.2,4.3,13.5,6.4,1,1,0,0,0,0,0,0,0,0,1
1.025,0,0,1,5,17.8,5.5,1,1,0,0,0,0,0,0,0,0,1
1.02,0,0,0.5,3.5,13.6,6.4,1,1,0,0,0,0,0,0,0,0,1
1.02,0,0,0.9,3.3,17.5,4.7,1,1,0,0,0,0,0,0,0,0,1
1.02,0,0,1.1,4.9,15,5.2,1,1,0,0,0,0,0,0,0,0,1
1.02,0,0,0.6,5,13.6,4.5,1,1,0,0,0,0,0,0,0,0,1
1.025,0,0,0.4,4.7,14.6,5.1,1,1,0,0,0,0,0,0,0,0,1
1.02,0,0,0.8,5,15,4.6,1,1,0,0,0,0,0,0,0,0,1
1.025,0,0,0.5,4.8,17.1,6.1,1,1,0,0,0,0,0,0,0,0,1
1.025,0,0,1.1,3.6,13.6,4.9,1,1,0,0,0,0,0,0,0,0,1
1.02,0,0,1.2,3.5,13,5.6,1,1,0,0,0,0,0,0,0,0,1
1.02,0,0,0.6,3.7,17.2,4.5,1,1,0,0,0,0,0,0,0,0,1
1.025,0,0,0.5,3.9,14.7,6.2,1,1,0,0,0,0,0,0,0,0,1
1.02,0,0,0.7,3.5,13.7,5.8,1,1,0,0,0,0,0,0,0,0,1
1.025,0,0,1.1,5,15,4.8,1,1,0,0,0,0,0,0,0,0,1
1.025,0,0,0.7,3.5,14.8,4.7,1,1,0,0,0,0,0,0,0,0,1
1.025,0,0,0.5,3.6,15,5.3,1,1,0,0,0,0,0,0,0,0,1
1.025,0,0,1.1,3.8,17.4,6.1,1,1,0,0,0,0,0,0,0,0,1
1.025,0,0,0.7,5,14.9,5.9,1,1,0,0,0,0,0,0,0,0,1
1.02,0,0,0.8,3.5,13.6,4.8,1,1,0,0,0,0,0,0,0,0,1
1.02,0,0,1.2,3.7,16.2,5.4,1,1,0,0,0,0,0,0,0,0,1
1.025,0,0,0.5,5,17.6,5,1,1,0,0,0,0,0,0,0,0,1
1.02,0,0,0.9,4.9,15,5.5,1,1,0,0,0,0,0,0,0,0,1
1.025,0,0,1,3.6,13.7,4.9,1,1,0,0,0,0,0,0,0,0,1
1.025,0,0,1.2,3.6,16.3,6.4,1,1,0,0,0,0,0,0,0,0,1
1.02,0,0,0.5,4.5,15.1,5.6,1,1,0,0,0,0,0,0,0,0,1
1.025,0,0,1.1,3.5,16.4,5.2,1,1,0,0,0,0,0,0,0,0,1
1.02,0,0,0.7,4.8,13.8,4.8,1,1,0,0,0,0,0,0,0,0,1
1.025,0,0,0.6,3.5,16.1,5.7,1,1,0,0,0,0,0,0,0,0,1
1.02,0,0,1.1,3.5,15.3,4.9,1,1,0,0,0,0,0,0,0,0,1
1.025,0,0,0.8,5,16.8,6.5,1,1,0,0,0,0,0,0,0,0,1
1.025,0,0,0.7,4.9,13.9,5,1,1,0,0,0,0,0,0,0,0,1
1.02,0,0,1.1,4.7,15.4,4.5,1,1,0,0,0,0,0,0,0,0,1
1.02,0,0,0.6,4.9,16.5,5.1,1,1,0,0,0,0,0,0,0,0,1
1.025,0,0,0.5,3.5,16.4,6.5,1,1,0,0,0,0,0,0,0,0,1
1.025,0,0,0.9,3.9,16.7,5.2,1,1,0,0,0,0,0,0,0,0,1
1.02,0,0,1.2,3.7,15.5,6.4,1,1,0,0,0,0,0,0,0,0,1
1.025,0,0,0.7,5,17,5.8,1,1,0,0,0,0,0,0,0,0,1
1.025,0,0,0.8,3.7,15,5.3,1,1,0,0,0,0,0,0,0,0,1
1.025,0,0,1.1,4.1,15.6,6.3,1,1,0,0,0,0,0,0,0,0,1
1.02,0,0,1.2,4.3,14.8,5.5,1,1,0,0,0,0,0,0,0,0,1
1.025,0,0,0.7,4.4,13,5.4,1,1,0,0,0,0,0,0,0,0,1
1.02,0,0,0.8,5,14.1,4.6,1,1,0,0,0,0,0,0,0,0,1
1.02,0,0,0.5,4.9,15.7,4.9,1,1,0,0,0,0,0,0,0,0,1
1.025,0,0,1.2,3.5,16.5,6.2,1,1,0,0,0,0,0,0,0,0,1
1.02,0,0,0.6,4.4,15.8,5.4,1,1,0,0,0,0,0,0,0,0,1
1.025,0,0,1,4.9,14.2,5.9,1,1,0,0,0,0,0,0,0,0,1
1.025,0,0,1.1,3.5,15.8,6.1,1,1,0,0,0,0,0,0,0,0,1
